project,t1,t2,duration,ratio,cumratio
jpaoletti_java-presentation-manager,Hibernate,JPA,0,0.0,0.0
jpaoletti_java-presentation-manager,Hibernate,JPA,1,0.0,0.0
jpaoletti_java-presentation-manager,Hibernate,JPA,2,0.0,0.0
jpaoletti_java-presentation-manager,Hibernate,JPA,3,0.0,0.0
jpaoletti_java-presentation-manager,Hibernate,JPA,4,0.0,0.0
jpaoletti_java-presentation-manager,Hibernate,JPA,5,0.0,0.0
jpaoletti_java-presentation-manager,Hibernate,JPA,6,0.0,0.0
jpaoletti_java-presentation-manager,Hibernate,JPA,7,0.0,0.0
jpaoletti_java-presentation-manager,Hibernate,JPA,8,0.0,0.0
jpaoletti_java-presentation-manager,Hibernate,JPA,9,0.0,0.0
jpaoletti_java-presentation-manager,Hibernate,JPA,10,0.0,0.0
jpaoletti_java-presentation-manager,Hibernate,JPA,11,0.0,0.0
jpaoletti_java-presentation-manager,Hibernate,JPA,12,0.0,0.0
jpaoletti_java-presentation-manager,Hibernate,JPA,13,0.0,0.0
jpaoletti_java-presentation-manager,Hibernate,JPA,14,0.0,0.0
jpaoletti_java-presentation-manager,Hibernate,JPA,15,0.0,0.0
cmoulliard_camel-osgi-servicemix-tutorial,Hibernate,JPA,0,1.0,1.0
cmoulliard_camel-osgi-servicemix-tutorial,Hibernate,JPA,1,0.0,1.0
cmoulliard_camel-osgi-servicemix-tutorial,Hibernate,JPA,2,0.0,1.0
cmoulliard_camel-osgi-servicemix-tutorial,Hibernate,JPA,3,0.0,1.0
cmoulliard_camel-osgi-servicemix-tutorial,Hibernate,JPA,4,0.0,1.0
cmoulliard_camel-osgi-servicemix-tutorial,Hibernate,JPA,5,0.0,1.0
cmoulliard_camel-osgi-servicemix-tutorial,Hibernate,JPA,6,0.0,1.0
cmoulliard_camel-osgi-servicemix-tutorial,Hibernate,JPA,7,0.0,1.0
cmoulliard_camel-osgi-servicemix-tutorial,Hibernate,JPA,8,0.0,1.0
cmoulliard_camel-osgi-servicemix-tutorial,Hibernate,JPA,9,0.0,1.0
cmoulliard_camel-osgi-servicemix-tutorial,Hibernate,JPA,10,0.0,1.0
cmoulliard_camel-osgi-servicemix-tutorial,Hibernate,JPA,11,0.0,1.0
cmoulliard_camel-osgi-servicemix-tutorial,Hibernate,JPA,12,0.0,1.0
cmoulliard_camel-osgi-servicemix-tutorial,Hibernate,JPA,13,0.0,1.0
cmoulliard_camel-osgi-servicemix-tutorial,Hibernate,JPA,14,0.0,1.0
cmoulliard_camel-osgi-servicemix-tutorial,Hibernate,JPA,15,0.0,1.0
joedayz_corespring,Hibernate,JPA,0,0.33333334,0.33333334
joedayz_corespring,Hibernate,JPA,1,0.0,0.33333334
joedayz_corespring,Hibernate,JPA,2,0.0,0.33333334
joedayz_corespring,Hibernate,JPA,3,0.0,0.33333334
joedayz_corespring,Hibernate,JPA,4,0.0,0.33333334
joedayz_corespring,Hibernate,JPA,5,0.0,0.33333334
joedayz_corespring,Hibernate,JPA,6,0.0,0.33333334
joedayz_corespring,Hibernate,JPA,7,0.0,0.33333334
joedayz_corespring,Hibernate,JPA,8,0.0,0.33333334
joedayz_corespring,Hibernate,JPA,9,0.0,0.33333334
joedayz_corespring,Hibernate,JPA,10,0.0,0.33333334
joedayz_corespring,Hibernate,JPA,11,0.0,0.33333334
joedayz_corespring,Hibernate,JPA,12,0.0,0.33333334
joedayz_corespring,Hibernate,JPA,13,0.0,0.33333334
joedayz_corespring,Hibernate,JPA,14,0.0,0.33333334
joedayz_corespring,Hibernate,JPA,15,0.0,0.33333334
sabio_CosasDeBugDeveloper,Hibernate,JPA,0,0.0,0.0
sabio_CosasDeBugDeveloper,Hibernate,JPA,1,0.0,0.0
sabio_CosasDeBugDeveloper,Hibernate,JPA,2,0.0,0.0
sabio_CosasDeBugDeveloper,Hibernate,JPA,3,0.0,0.0
sabio_CosasDeBugDeveloper,Hibernate,JPA,4,0.0,0.0
sabio_CosasDeBugDeveloper,Hibernate,JPA,5,0.0,0.0
sabio_CosasDeBugDeveloper,Hibernate,JPA,6,0.0,0.0
sabio_CosasDeBugDeveloper,Hibernate,JPA,7,0.0,0.0
sabio_CosasDeBugDeveloper,Hibernate,JPA,8,0.0,0.0
sabio_CosasDeBugDeveloper,Hibernate,JPA,9,0.0,0.0
sabio_CosasDeBugDeveloper,Hibernate,JPA,10,0.0,0.0
sabio_CosasDeBugDeveloper,Hibernate,JPA,11,0.0,0.0
sabio_CosasDeBugDeveloper,Hibernate,JPA,12,0.0,0.0
sabio_CosasDeBugDeveloper,Hibernate,JPA,13,0.0,0.0
sabio_CosasDeBugDeveloper,Hibernate,JPA,14,0.0,0.0
sabio_CosasDeBugDeveloper,Hibernate,JPA,15,0.0,0.0
ichatz_wiseml,Hibernate,JPA,0,0.71428573,0.71428573
ichatz_wiseml,Hibernate,JPA,1,0.0,0.71428573
ichatz_wiseml,Hibernate,JPA,2,0.0,0.71428573
ichatz_wiseml,Hibernate,JPA,3,0.0,0.71428573
ichatz_wiseml,Hibernate,JPA,4,0.0,0.71428573
ichatz_wiseml,Hibernate,JPA,5,0.0,0.71428573
ichatz_wiseml,Hibernate,JPA,6,0.0,0.71428573
ichatz_wiseml,Hibernate,JPA,7,0.0,0.71428573
ichatz_wiseml,Hibernate,JPA,8,0.0,0.71428573
ichatz_wiseml,Hibernate,JPA,9,0.0,0.71428573
ichatz_wiseml,Hibernate,JPA,10,0.0,0.71428573
ichatz_wiseml,Hibernate,JPA,11,0.0,0.71428573
ichatz_wiseml,Hibernate,JPA,12,0.0,0.71428573
ichatz_wiseml,Hibernate,JPA,13,0.0,0.71428573
ichatz_wiseml,Hibernate,JPA,14,0.0,0.71428573
ichatz_wiseml,Hibernate,JPA,15,0.0,0.71428573
societies_SOCIETIES-Platform,Hibernate,JPA,0,0.0,0.0
societies_SOCIETIES-Platform,Hibernate,JPA,1,0.0,0.0
societies_SOCIETIES-Platform,Hibernate,JPA,2,0.0,0.0
societies_SOCIETIES-Platform,Hibernate,JPA,3,0.0,0.0
societies_SOCIETIES-Platform,Hibernate,JPA,4,0.0,0.0
societies_SOCIETIES-Platform,Hibernate,JPA,5,0.0,0.0
societies_SOCIETIES-Platform,Hibernate,JPA,6,0.0,0.0
societies_SOCIETIES-Platform,Hibernate,JPA,7,0.0,0.0
societies_SOCIETIES-Platform,Hibernate,JPA,8,0.0,0.0
societies_SOCIETIES-Platform,Hibernate,JPA,9,0.0,0.0
societies_SOCIETIES-Platform,Hibernate,JPA,10,0.0,0.0
societies_SOCIETIES-Platform,Hibernate,JPA,11,0.0,0.0
societies_SOCIETIES-Platform,Hibernate,JPA,12,0.0,0.0
societies_SOCIETIES-Platform,Hibernate,JPA,13,0.0,0.0
societies_SOCIETIES-Platform,Hibernate,JPA,14,0.0,0.0
societies_SOCIETIES-Platform,Hibernate,JPA,15,0.0,0.0
sanger-pathogens_GeneDB,Hibernate,JPA,0,0.0,0.0
sanger-pathogens_GeneDB,Hibernate,JPA,1,0.0,0.0
sanger-pathogens_GeneDB,Hibernate,JPA,2,0.0,0.0
sanger-pathogens_GeneDB,Hibernate,JPA,3,0.0,0.0
sanger-pathogens_GeneDB,Hibernate,JPA,4,0.0,0.0
sanger-pathogens_GeneDB,Hibernate,JPA,5,0.0,0.0
sanger-pathogens_GeneDB,Hibernate,JPA,6,0.0,0.0
sanger-pathogens_GeneDB,Hibernate,JPA,7,0.0,0.0
sanger-pathogens_GeneDB,Hibernate,JPA,8,0.0,0.0
sanger-pathogens_GeneDB,Hibernate,JPA,9,0.0,0.0
sanger-pathogens_GeneDB,Hibernate,JPA,10,0.0,0.0
sanger-pathogens_GeneDB,Hibernate,JPA,11,0.0,0.0
sanger-pathogens_GeneDB,Hibernate,JPA,12,0.0,0.0
sanger-pathogens_GeneDB,Hibernate,JPA,13,0.0,0.0
sanger-pathogens_GeneDB,Hibernate,JPA,14,0.0,0.0
sanger-pathogens_GeneDB,Hibernate,JPA,15,0.0,0.0
hibernate_hibernate-tools,Hibernate,JPA,0,0.0,0.0
hibernate_hibernate-tools,Hibernate,JPA,1,0.0,0.0
hibernate_hibernate-tools,Hibernate,JPA,2,0.0,0.0
hibernate_hibernate-tools,Hibernate,JPA,3,0.0,0.0
hibernate_hibernate-tools,Hibernate,JPA,4,0.0,0.0
hibernate_hibernate-tools,Hibernate,JPA,5,0.0,0.0
hibernate_hibernate-tools,Hibernate,JPA,6,0.0,0.0
hibernate_hibernate-tools,Hibernate,JPA,7,0.0,0.0
hibernate_hibernate-tools,Hibernate,JPA,8,0.0,0.0
hibernate_hibernate-tools,Hibernate,JPA,9,0.0,0.0
hibernate_hibernate-tools,Hibernate,JPA,10,0.0,0.0
hibernate_hibernate-tools,Hibernate,JPA,11,0.0,0.0
hibernate_hibernate-tools,Hibernate,JPA,12,0.0,0.0
hibernate_hibernate-tools,Hibernate,JPA,13,0.0,0.0
hibernate_hibernate-tools,Hibernate,JPA,14,0.0,0.0
hibernate_hibernate-tools,Hibernate,JPA,15,0.0,0.0
SpringSource_spring-batch,Hibernate,JPA,0,0.5,0.5
SpringSource_spring-batch,Hibernate,JPA,1,0.0,0.5
SpringSource_spring-batch,Hibernate,JPA,2,0.0,0.5
SpringSource_spring-batch,Hibernate,JPA,3,0.0,0.5
SpringSource_spring-batch,Hibernate,JPA,4,0.0,0.5
SpringSource_spring-batch,Hibernate,JPA,5,0.0,0.5
SpringSource_spring-batch,Hibernate,JPA,6,0.0,0.5
SpringSource_spring-batch,Hibernate,JPA,7,0.0,0.5
SpringSource_spring-batch,Hibernate,JPA,8,0.0,0.5
SpringSource_spring-batch,Hibernate,JPA,9,0.0,0.5
SpringSource_spring-batch,Hibernate,JPA,10,0.0,0.5
SpringSource_spring-batch,Hibernate,JPA,11,0.0,0.5
SpringSource_spring-batch,Hibernate,JPA,12,0.0,0.5
SpringSource_spring-batch,Hibernate,JPA,13,0.0,0.5
SpringSource_spring-batch,Hibernate,JPA,14,0.0,0.5
SpringSource_spring-batch,Hibernate,JPA,15,0.0,0.5
abiquo_abiquo,Hibernate,JPA,0,0.0,0.0
abiquo_abiquo,Hibernate,JPA,1,0.0,0.0
abiquo_abiquo,Hibernate,JPA,2,0.0,0.0
abiquo_abiquo,Hibernate,JPA,3,0.0,0.0
abiquo_abiquo,Hibernate,JPA,4,0.0,0.0
abiquo_abiquo,Hibernate,JPA,5,0.0,0.0
abiquo_abiquo,Hibernate,JPA,6,0.0,0.0
abiquo_abiquo,Hibernate,JPA,7,0.0,0.0
abiquo_abiquo,Hibernate,JPA,8,0.0,0.0
abiquo_abiquo,Hibernate,JPA,9,0.0,0.0
abiquo_abiquo,Hibernate,JPA,10,0.0,0.0
abiquo_abiquo,Hibernate,JPA,11,0.0,0.0
abiquo_abiquo,Hibernate,JPA,12,0.0,0.0
abiquo_abiquo,Hibernate,JPA,13,0.0,0.0
abiquo_abiquo,Hibernate,JPA,14,0.0,0.0
abiquo_abiquo,Hibernate,JPA,15,0.0,0.0
grisu_grisu,Hibernate,JPA,0,0.75,0.75
grisu_grisu,Hibernate,JPA,1,0.0,0.75
grisu_grisu,Hibernate,JPA,2,0.0,0.75
grisu_grisu,Hibernate,JPA,3,0.0,0.75
grisu_grisu,Hibernate,JPA,4,0.0,0.75
grisu_grisu,Hibernate,JPA,5,0.0,0.75
grisu_grisu,Hibernate,JPA,6,0.0,0.75
grisu_grisu,Hibernate,JPA,7,0.0,0.75
grisu_grisu,Hibernate,JPA,8,0.0,0.75
grisu_grisu,Hibernate,JPA,9,0.0,0.75
grisu_grisu,Hibernate,JPA,10,0.0,0.75
grisu_grisu,Hibernate,JPA,11,0.0,0.75
grisu_grisu,Hibernate,JPA,12,0.0,0.75
grisu_grisu,Hibernate,JPA,13,0.0,0.75
grisu_grisu,Hibernate,JPA,14,0.0,0.75
grisu_grisu,Hibernate,JPA,15,0.0,0.75
gridgain_gridgain,Hibernate,JPA,0,0.5,0.5
gridgain_gridgain,Hibernate,JPA,1,0.0,0.5
gridgain_gridgain,Hibernate,JPA,2,0.0,0.5
gridgain_gridgain,Hibernate,JPA,3,0.0,0.5
gridgain_gridgain,Hibernate,JPA,4,0.0,0.5
gridgain_gridgain,Hibernate,JPA,5,0.0,0.5
gridgain_gridgain,Hibernate,JPA,6,0.0,0.5
gridgain_gridgain,Hibernate,JPA,7,0.0,0.5
gridgain_gridgain,Hibernate,JPA,8,0.0,0.5
gridgain_gridgain,Hibernate,JPA,9,0.0,0.5
gridgain_gridgain,Hibernate,JPA,10,0.0,0.5
gridgain_gridgain,Hibernate,JPA,11,0.0,0.5
gridgain_gridgain,Hibernate,JPA,12,0.0,0.5
gridgain_gridgain,Hibernate,JPA,13,0.0,0.5
gridgain_gridgain,Hibernate,JPA,14,0.0,0.5
gridgain_gridgain,Hibernate,JPA,15,0.0,0.5
CONNECT-Solution_CONNECT,Hibernate,JPA,0,0.0,0.0
CONNECT-Solution_CONNECT,Hibernate,JPA,1,0.0,0.0
CONNECT-Solution_CONNECT,Hibernate,JPA,2,0.0,0.0
CONNECT-Solution_CONNECT,Hibernate,JPA,3,0.0,0.0
CONNECT-Solution_CONNECT,Hibernate,JPA,4,0.0,0.0
CONNECT-Solution_CONNECT,Hibernate,JPA,5,0.0,0.0
CONNECT-Solution_CONNECT,Hibernate,JPA,6,0.0,0.0
CONNECT-Solution_CONNECT,Hibernate,JPA,7,0.0,0.0
CONNECT-Solution_CONNECT,Hibernate,JPA,8,0.0,0.0
CONNECT-Solution_CONNECT,Hibernate,JPA,9,0.0,0.0
CONNECT-Solution_CONNECT,Hibernate,JPA,10,0.0,0.0
CONNECT-Solution_CONNECT,Hibernate,JPA,11,0.0,0.0
CONNECT-Solution_CONNECT,Hibernate,JPA,12,0.0,0.0
CONNECT-Solution_CONNECT,Hibernate,JPA,13,0.0,0.0
CONNECT-Solution_CONNECT,Hibernate,JPA,14,0.0,0.0
CONNECT-Solution_CONNECT,Hibernate,JPA,15,0.0,0.0
riotfamily_riot,Hibernate,JPA,0,0.90909094,0.90909094
riotfamily_riot,Hibernate,JPA,1,0.0,0.90909094
riotfamily_riot,Hibernate,JPA,2,0.0,0.90909094
riotfamily_riot,Hibernate,JPA,3,0.0,0.90909094
riotfamily_riot,Hibernate,JPA,4,0.0,0.90909094
riotfamily_riot,Hibernate,JPA,5,0.0,0.90909094
riotfamily_riot,Hibernate,JPA,6,0.0,0.90909094
riotfamily_riot,Hibernate,JPA,7,0.0,0.90909094
riotfamily_riot,Hibernate,JPA,8,0.0,0.90909094
riotfamily_riot,Hibernate,JPA,9,0.0,0.90909094
riotfamily_riot,Hibernate,JPA,10,0.0,0.90909094
riotfamily_riot,Hibernate,JPA,11,0.0,0.90909094
riotfamily_riot,Hibernate,JPA,12,0.0,0.90909094
riotfamily_riot,Hibernate,JPA,13,0.0,0.90909094
riotfamily_riot,Hibernate,JPA,14,0.0,0.90909094
riotfamily_riot,Hibernate,JPA,15,0.0,0.90909094
rasea_server,Hibernate,JPA,0,0.0,0.0
rasea_server,Hibernate,JPA,1,0.0,0.0
rasea_server,Hibernate,JPA,2,0.0,0.0
rasea_server,Hibernate,JPA,3,0.0,0.0
rasea_server,Hibernate,JPA,4,0.0,0.0
rasea_server,Hibernate,JPA,5,0.0,0.0
rasea_server,Hibernate,JPA,6,0.0,0.0
rasea_server,Hibernate,JPA,7,0.0,0.0
rasea_server,Hibernate,JPA,8,0.0,0.0
rasea_server,Hibernate,JPA,9,0.0,0.0
rasea_server,Hibernate,JPA,10,0.0,0.0
rasea_server,Hibernate,JPA,11,0.0,0.0
rasea_server,Hibernate,JPA,12,0.0,0.0
rasea_server,Hibernate,JPA,13,0.0,0.0
rasea_server,Hibernate,JPA,14,0.0,0.0
rasea_server,Hibernate,JPA,15,0.0,0.0
INCF_eeg-database,Hibernate,JPA,0,0.8,0.8
INCF_eeg-database,Hibernate,JPA,1,0.0,0.8
INCF_eeg-database,Hibernate,JPA,2,0.0,0.8
INCF_eeg-database,Hibernate,JPA,3,0.0,0.8
INCF_eeg-database,Hibernate,JPA,4,0.0,0.8
INCF_eeg-database,Hibernate,JPA,5,0.0,0.8
INCF_eeg-database,Hibernate,JPA,6,0.0,0.8
INCF_eeg-database,Hibernate,JPA,7,0.0,0.8
INCF_eeg-database,Hibernate,JPA,8,0.0,0.8
INCF_eeg-database,Hibernate,JPA,9,0.0,0.8
INCF_eeg-database,Hibernate,JPA,10,0.0,0.8
INCF_eeg-database,Hibernate,JPA,11,0.0,0.8
INCF_eeg-database,Hibernate,JPA,12,0.0,0.8
INCF_eeg-database,Hibernate,JPA,13,0.0,0.8
INCF_eeg-database,Hibernate,JPA,14,0.0,0.8
INCF_eeg-database,Hibernate,JPA,15,0.0,0.8
avshabanov_java-maven-tests,Hibernate,JPA,0,0.33333334,0.33333334
avshabanov_java-maven-tests,Hibernate,JPA,1,0.0,0.33333334
avshabanov_java-maven-tests,Hibernate,JPA,2,0.0,0.33333334
avshabanov_java-maven-tests,Hibernate,JPA,3,0.0,0.33333334
avshabanov_java-maven-tests,Hibernate,JPA,4,0.0,0.33333334
avshabanov_java-maven-tests,Hibernate,JPA,5,0.0,0.33333334
avshabanov_java-maven-tests,Hibernate,JPA,6,0.0,0.33333334
avshabanov_java-maven-tests,Hibernate,JPA,7,0.0,0.33333334
avshabanov_java-maven-tests,Hibernate,JPA,8,0.0,0.33333334
avshabanov_java-maven-tests,Hibernate,JPA,9,0.0,0.33333334
avshabanov_java-maven-tests,Hibernate,JPA,10,0.0,0.33333334
avshabanov_java-maven-tests,Hibernate,JPA,11,0.0,0.33333334
avshabanov_java-maven-tests,Hibernate,JPA,12,0.0,0.33333334
avshabanov_java-maven-tests,Hibernate,JPA,13,0.0,0.33333334
avshabanov_java-maven-tests,Hibernate,JPA,14,0.0,0.33333334
avshabanov_java-maven-tests,Hibernate,JPA,15,0.0,0.33333334
mariuszs_openxava,Hibernate,JPA,0,0.0,0.0
mariuszs_openxava,Hibernate,JPA,1,0.0,0.0
mariuszs_openxava,Hibernate,JPA,2,0.0,0.0
mariuszs_openxava,Hibernate,JPA,3,0.0,0.0
mariuszs_openxava,Hibernate,JPA,4,0.0,0.0
mariuszs_openxava,Hibernate,JPA,5,0.0,0.0
mariuszs_openxava,Hibernate,JPA,6,0.0,0.0
mariuszs_openxava,Hibernate,JPA,7,0.0,0.0
mariuszs_openxava,Hibernate,JPA,8,0.0,0.0
mariuszs_openxava,Hibernate,JPA,9,0.0,0.0
mariuszs_openxava,Hibernate,JPA,10,0.0,0.0
mariuszs_openxava,Hibernate,JPA,11,0.0,0.0
mariuszs_openxava,Hibernate,JPA,12,0.0,0.0
mariuszs_openxava,Hibernate,JPA,13,0.0,0.0
mariuszs_openxava,Hibernate,JPA,14,0.0,0.0
mariuszs_openxava,Hibernate,JPA,15,0.0,0.0
nasa_mct,Hibernate,JPA,0,0.0,0.0
nasa_mct,Hibernate,JPA,1,0.0,0.0
nasa_mct,Hibernate,JPA,2,0.0,0.0
nasa_mct,Hibernate,JPA,3,0.0,0.0
nasa_mct,Hibernate,JPA,4,0.0,0.0
nasa_mct,Hibernate,JPA,5,0.0,0.0
nasa_mct,Hibernate,JPA,6,0.0,0.0
nasa_mct,Hibernate,JPA,7,0.0,0.0
nasa_mct,Hibernate,JPA,8,0.0,0.0
nasa_mct,Hibernate,JPA,9,0.0,0.0
nasa_mct,Hibernate,JPA,10,0.0,0.0
nasa_mct,Hibernate,JPA,11,0.0,0.0
nasa_mct,Hibernate,JPA,12,0.0,0.0
nasa_mct,Hibernate,JPA,13,0.0,0.0
nasa_mct,Hibernate,JPA,14,0.0,0.0
nasa_mct,Hibernate,JPA,15,0.0,0.0
rongjihuang_bc-framework,Hibernate,JPA,0,1.0,1.0
rongjihuang_bc-framework,Hibernate,JPA,1,0.0,1.0
rongjihuang_bc-framework,Hibernate,JPA,2,0.0,1.0
rongjihuang_bc-framework,Hibernate,JPA,3,0.0,1.0
rongjihuang_bc-framework,Hibernate,JPA,4,0.0,1.0
rongjihuang_bc-framework,Hibernate,JPA,5,0.0,1.0
rongjihuang_bc-framework,Hibernate,JPA,6,0.0,1.0
rongjihuang_bc-framework,Hibernate,JPA,7,0.0,1.0
rongjihuang_bc-framework,Hibernate,JPA,8,0.0,1.0
rongjihuang_bc-framework,Hibernate,JPA,9,0.0,1.0
rongjihuang_bc-framework,Hibernate,JPA,10,0.0,1.0
rongjihuang_bc-framework,Hibernate,JPA,11,0.0,1.0
rongjihuang_bc-framework,Hibernate,JPA,12,0.0,1.0
rongjihuang_bc-framework,Hibernate,JPA,13,0.0,1.0
rongjihuang_bc-framework,Hibernate,JPA,14,0.0,1.0
rongjihuang_bc-framework,Hibernate,JPA,15,0.0,1.0
mcarniel_oswing,Hibernate,JPA,0,0.0,0.0
mcarniel_oswing,Hibernate,JPA,1,0.0,0.0
mcarniel_oswing,Hibernate,JPA,2,0.0,0.0
mcarniel_oswing,Hibernate,JPA,3,0.0,0.0
mcarniel_oswing,Hibernate,JPA,4,0.0,0.0
mcarniel_oswing,Hibernate,JPA,5,0.0,0.0
mcarniel_oswing,Hibernate,JPA,6,0.0,0.0
mcarniel_oswing,Hibernate,JPA,7,0.0,0.0
mcarniel_oswing,Hibernate,JPA,8,0.0,0.0
mcarniel_oswing,Hibernate,JPA,9,0.0,0.0
mcarniel_oswing,Hibernate,JPA,10,0.0,0.0
mcarniel_oswing,Hibernate,JPA,11,0.0,0.0
mcarniel_oswing,Hibernate,JPA,12,0.0,0.0
mcarniel_oswing,Hibernate,JPA,13,0.0,0.0
mcarniel_oswing,Hibernate,JPA,14,0.0,0.0
mcarniel_oswing,Hibernate,JPA,15,0.0,0.0
Silverpeas_Silverpeas-Components,Hibernate,JPA,0,0.0,0.0
Silverpeas_Silverpeas-Components,Hibernate,JPA,1,0.0,0.0
Silverpeas_Silverpeas-Components,Hibernate,JPA,2,0.0,0.0
Silverpeas_Silverpeas-Components,Hibernate,JPA,3,0.0,0.0
Silverpeas_Silverpeas-Components,Hibernate,JPA,4,0.0,0.0
Silverpeas_Silverpeas-Components,Hibernate,JPA,5,0.0,0.0
Silverpeas_Silverpeas-Components,Hibernate,JPA,6,0.0,0.0
Silverpeas_Silverpeas-Components,Hibernate,JPA,7,0.0,0.0
Silverpeas_Silverpeas-Components,Hibernate,JPA,8,0.0,0.0
Silverpeas_Silverpeas-Components,Hibernate,JPA,9,0.0,0.0
Silverpeas_Silverpeas-Components,Hibernate,JPA,10,0.0,0.0
Silverpeas_Silverpeas-Components,Hibernate,JPA,11,0.0,0.0
Silverpeas_Silverpeas-Components,Hibernate,JPA,12,0.0,0.0
Silverpeas_Silverpeas-Components,Hibernate,JPA,13,0.0,0.0
Silverpeas_Silverpeas-Components,Hibernate,JPA,14,0.0,0.0
Silverpeas_Silverpeas-Components,Hibernate,JPA,15,0.0,0.0
istlab_Alitheia-Core,Hibernate,JPA,0,0.0,0.0
istlab_Alitheia-Core,Hibernate,JPA,1,0.0,0.0
istlab_Alitheia-Core,Hibernate,JPA,2,0.0,0.0
istlab_Alitheia-Core,Hibernate,JPA,3,0.0,0.0
istlab_Alitheia-Core,Hibernate,JPA,4,0.0,0.0
istlab_Alitheia-Core,Hibernate,JPA,5,0.0,0.0
istlab_Alitheia-Core,Hibernate,JPA,6,0.0,0.0
istlab_Alitheia-Core,Hibernate,JPA,7,0.0,0.0
istlab_Alitheia-Core,Hibernate,JPA,8,0.20833333,0.20833333
istlab_Alitheia-Core,Hibernate,JPA,9,0.083333336,0.29166666
istlab_Alitheia-Core,Hibernate,JPA,10,0.0,0.29166666
istlab_Alitheia-Core,Hibernate,JPA,11,0.0,0.29166666
istlab_Alitheia-Core,Hibernate,JPA,12,0.20833333,0.5
istlab_Alitheia-Core,Hibernate,JPA,13,0.0,0.5
istlab_Alitheia-Core,Hibernate,JPA,14,0.0,0.5
istlab_Alitheia-Core,Hibernate,JPA,15,0.0,0.5
apache_roller,Hibernate,JPA,0,0.0,0.0
apache_roller,Hibernate,JPA,1,0.0,0.0
apache_roller,Hibernate,JPA,2,0.0,0.0
apache_roller,Hibernate,JPA,3,0.0,0.0
apache_roller,Hibernate,JPA,4,0.0,0.0
apache_roller,Hibernate,JPA,5,0.0,0.0
apache_roller,Hibernate,JPA,6,0.0,0.0
apache_roller,Hibernate,JPA,7,0.0,0.0
apache_roller,Hibernate,JPA,8,0.0,0.0
apache_roller,Hibernate,JPA,9,0.0,0.0
apache_roller,Hibernate,JPA,10,0.0,0.0
apache_roller,Hibernate,JPA,11,0.0,0.0
apache_roller,Hibernate,JPA,12,0.0,0.0
apache_roller,Hibernate,JPA,13,0.0,0.0
apache_roller,Hibernate,JPA,14,0.0,0.0
apache_roller,Hibernate,JPA,15,0.0,0.0
picketlink_picketlink-idm,Hibernate,JPA,0,0.0,0.0
picketlink_picketlink-idm,Hibernate,JPA,1,0.0,0.0
picketlink_picketlink-idm,Hibernate,JPA,2,0.0,0.0
picketlink_picketlink-idm,Hibernate,JPA,3,0.0,0.0
picketlink_picketlink-idm,Hibernate,JPA,4,0.0,0.0
picketlink_picketlink-idm,Hibernate,JPA,5,0.0,0.0
picketlink_picketlink-idm,Hibernate,JPA,6,0.0,0.0
picketlink_picketlink-idm,Hibernate,JPA,7,0.0,0.0
picketlink_picketlink-idm,Hibernate,JPA,8,0.0,0.0
picketlink_picketlink-idm,Hibernate,JPA,9,0.0,0.0
picketlink_picketlink-idm,Hibernate,JPA,10,0.0,0.0
picketlink_picketlink-idm,Hibernate,JPA,11,0.0,0.0
picketlink_picketlink-idm,Hibernate,JPA,12,0.0,0.0
picketlink_picketlink-idm,Hibernate,JPA,13,0.0,0.0
picketlink_picketlink-idm,Hibernate,JPA,14,0.0,0.0
picketlink_picketlink-idm,Hibernate,JPA,15,0.0,0.0
grails_grails-core,Hibernate,JPA,0,0.0,0.0
grails_grails-core,Hibernate,JPA,1,0.0,0.0
grails_grails-core,Hibernate,JPA,2,0.0,0.0
grails_grails-core,Hibernate,JPA,3,0.0,0.0
grails_grails-core,Hibernate,JPA,4,0.0,0.0
grails_grails-core,Hibernate,JPA,5,0.0,0.0
grails_grails-core,Hibernate,JPA,6,0.0,0.0
grails_grails-core,Hibernate,JPA,7,0.0,0.0
grails_grails-core,Hibernate,JPA,8,0.0,0.0
grails_grails-core,Hibernate,JPA,9,0.0,0.0
grails_grails-core,Hibernate,JPA,10,0.0,0.0
grails_grails-core,Hibernate,JPA,11,0.0,0.0
grails_grails-core,Hibernate,JPA,12,0.0,0.0
grails_grails-core,Hibernate,JPA,13,0.0,0.0
grails_grails-core,Hibernate,JPA,14,0.0,0.0
grails_grails-core,Hibernate,JPA,15,0.0,0.0
liquibase_liquibase-hibernate,Hibernate,JPA,0,0.0,0.0
liquibase_liquibase-hibernate,Hibernate,JPA,1,0.0,0.0
liquibase_liquibase-hibernate,Hibernate,JPA,2,0.0,0.0
liquibase_liquibase-hibernate,Hibernate,JPA,3,0.0,0.0
liquibase_liquibase-hibernate,Hibernate,JPA,4,0.0,0.0
liquibase_liquibase-hibernate,Hibernate,JPA,5,0.0,0.0
liquibase_liquibase-hibernate,Hibernate,JPA,6,0.0,0.0
liquibase_liquibase-hibernate,Hibernate,JPA,7,0.0,0.0
liquibase_liquibase-hibernate,Hibernate,JPA,8,0.0,0.0
liquibase_liquibase-hibernate,Hibernate,JPA,9,0.0,0.0
liquibase_liquibase-hibernate,Hibernate,JPA,10,0.0,0.0
liquibase_liquibase-hibernate,Hibernate,JPA,11,0.0,0.0
liquibase_liquibase-hibernate,Hibernate,JPA,12,0.0,0.0
liquibase_liquibase-hibernate,Hibernate,JPA,13,0.0,0.0
liquibase_liquibase-hibernate,Hibernate,JPA,14,0.0,0.0
liquibase_liquibase-hibernate,Hibernate,JPA,15,0.0,0.0
beangle_library,Hibernate,JPA,0,0.11111111,0.11111111
beangle_library,Hibernate,JPA,1,0.0,0.11111111
beangle_library,Hibernate,JPA,2,0.0,0.11111111
beangle_library,Hibernate,JPA,3,0.0,0.11111111
beangle_library,Hibernate,JPA,4,0.0,0.11111111
beangle_library,Hibernate,JPA,5,0.0,0.11111111
beangle_library,Hibernate,JPA,6,0.0,0.11111111
beangle_library,Hibernate,JPA,7,0.0,0.11111111
beangle_library,Hibernate,JPA,8,0.0,0.11111111
beangle_library,Hibernate,JPA,9,0.0,0.11111111
beangle_library,Hibernate,JPA,10,0.0,0.11111111
beangle_library,Hibernate,JPA,11,0.0,0.11111111
beangle_library,Hibernate,JPA,12,0.0,0.11111111
beangle_library,Hibernate,JPA,13,0.0,0.11111111
beangle_library,Hibernate,JPA,14,0.0,0.11111111
beangle_library,Hibernate,JPA,15,0.0,0.11111111
joedayz_faces,Hibernate,JPA,0,0.0,0.0
joedayz_faces,Hibernate,JPA,1,0.0,0.0
joedayz_faces,Hibernate,JPA,2,0.0,0.0
joedayz_faces,Hibernate,JPA,3,0.0,0.0
joedayz_faces,Hibernate,JPA,4,0.0,0.0
joedayz_faces,Hibernate,JPA,5,0.0,0.0
joedayz_faces,Hibernate,JPA,6,0.0,0.0
joedayz_faces,Hibernate,JPA,7,0.0,0.0
joedayz_faces,Hibernate,JPA,8,0.0,0.0
joedayz_faces,Hibernate,JPA,9,0.0,0.0
joedayz_faces,Hibernate,JPA,10,0.0,0.0
joedayz_faces,Hibernate,JPA,11,0.0,0.0
joedayz_faces,Hibernate,JPA,12,0.0,0.0
joedayz_faces,Hibernate,JPA,13,0.0,0.0
joedayz_faces,Hibernate,JPA,14,0.0,0.0
joedayz_faces,Hibernate,JPA,15,0.0,0.0
kimchy_compass,Hibernate,JPA,0,0.0,0.0
kimchy_compass,Hibernate,JPA,1,0.0,0.0
kimchy_compass,Hibernate,JPA,2,0.0,0.0
kimchy_compass,Hibernate,JPA,3,0.0,0.0
kimchy_compass,Hibernate,JPA,4,0.0,0.0
kimchy_compass,Hibernate,JPA,5,0.0,0.0
kimchy_compass,Hibernate,JPA,6,0.0,0.0
kimchy_compass,Hibernate,JPA,7,0.0,0.0
kimchy_compass,Hibernate,JPA,8,0.0,0.0
kimchy_compass,Hibernate,JPA,9,0.0,0.0
kimchy_compass,Hibernate,JPA,10,0.0,0.0
kimchy_compass,Hibernate,JPA,11,0.0,0.0
kimchy_compass,Hibernate,JPA,12,0.0,0.0
kimchy_compass,Hibernate,JPA,13,0.0,0.0
kimchy_compass,Hibernate,JPA,14,0.0,0.0
kimchy_compass,Hibernate,JPA,15,0.0,0.0
teachus_teachus,Hibernate,JPA,0,0.16666667,0.16666667
teachus_teachus,Hibernate,JPA,1,0.0,0.16666667
teachus_teachus,Hibernate,JPA,2,0.0,0.16666667
teachus_teachus,Hibernate,JPA,3,0.0,0.16666667
teachus_teachus,Hibernate,JPA,4,0.0,0.16666667
teachus_teachus,Hibernate,JPA,5,0.0,0.16666667
teachus_teachus,Hibernate,JPA,6,0.0,0.16666667
teachus_teachus,Hibernate,JPA,7,0.0,0.16666667
teachus_teachus,Hibernate,JPA,8,0.0,0.16666667
teachus_teachus,Hibernate,JPA,9,0.0,0.16666667
teachus_teachus,Hibernate,JPA,10,0.0,0.16666667
teachus_teachus,Hibernate,JPA,11,0.0,0.16666667
teachus_teachus,Hibernate,JPA,12,0.0,0.16666667
teachus_teachus,Hibernate,JPA,13,0.0,0.16666667
teachus_teachus,Hibernate,JPA,14,0.0,0.16666667
teachus_teachus,Hibernate,JPA,15,0.0,0.16666667
wicketstuff_sandbox,Hibernate,JPA,0,0.0,0.0
wicketstuff_sandbox,Hibernate,JPA,1,0.0,0.0
wicketstuff_sandbox,Hibernate,JPA,2,0.0,0.0
wicketstuff_sandbox,Hibernate,JPA,3,0.0,0.0
wicketstuff_sandbox,Hibernate,JPA,4,0.0,0.0
wicketstuff_sandbox,Hibernate,JPA,5,0.0,0.0
wicketstuff_sandbox,Hibernate,JPA,6,0.0,0.0
wicketstuff_sandbox,Hibernate,JPA,7,0.0,0.0
wicketstuff_sandbox,Hibernate,JPA,8,0.0,0.0
wicketstuff_sandbox,Hibernate,JPA,9,0.0,0.0
wicketstuff_sandbox,Hibernate,JPA,10,0.0,0.0
wicketstuff_sandbox,Hibernate,JPA,11,0.0,0.0
wicketstuff_sandbox,Hibernate,JPA,12,0.0,0.0
wicketstuff_sandbox,Hibernate,JPA,13,0.0,0.0
wicketstuff_sandbox,Hibernate,JPA,14,0.0,0.0
wicketstuff_sandbox,Hibernate,JPA,15,0.0,0.0
cmoulliard_devoxx-2011-hands-on-lab,Hibernate,JPA,0,1.0,1.0
cmoulliard_devoxx-2011-hands-on-lab,Hibernate,JPA,1,0.0,1.0
cmoulliard_devoxx-2011-hands-on-lab,Hibernate,JPA,2,0.0,1.0
cmoulliard_devoxx-2011-hands-on-lab,Hibernate,JPA,3,0.0,1.0
cmoulliard_devoxx-2011-hands-on-lab,Hibernate,JPA,4,0.0,1.0
cmoulliard_devoxx-2011-hands-on-lab,Hibernate,JPA,5,0.0,1.0
cmoulliard_devoxx-2011-hands-on-lab,Hibernate,JPA,6,0.0,1.0
cmoulliard_devoxx-2011-hands-on-lab,Hibernate,JPA,7,0.0,1.0
cmoulliard_devoxx-2011-hands-on-lab,Hibernate,JPA,8,0.0,1.0
cmoulliard_devoxx-2011-hands-on-lab,Hibernate,JPA,9,0.0,1.0
cmoulliard_devoxx-2011-hands-on-lab,Hibernate,JPA,10,0.0,1.0
cmoulliard_devoxx-2011-hands-on-lab,Hibernate,JPA,11,0.0,1.0
cmoulliard_devoxx-2011-hands-on-lab,Hibernate,JPA,12,0.0,1.0
cmoulliard_devoxx-2011-hands-on-lab,Hibernate,JPA,13,0.0,1.0
cmoulliard_devoxx-2011-hands-on-lab,Hibernate,JPA,14,0.0,1.0
cmoulliard_devoxx-2011-hands-on-lab,Hibernate,JPA,15,0.0,1.0
fbihack_portlets,Hibernate,JPA,0,1.0,1.0
fbihack_portlets,Hibernate,JPA,1,0.0,1.0
fbihack_portlets,Hibernate,JPA,2,0.0,1.0
fbihack_portlets,Hibernate,JPA,3,0.0,1.0
fbihack_portlets,Hibernate,JPA,4,0.0,1.0
fbihack_portlets,Hibernate,JPA,5,0.0,1.0
fbihack_portlets,Hibernate,JPA,6,0.0,1.0
fbihack_portlets,Hibernate,JPA,7,0.0,1.0
fbihack_portlets,Hibernate,JPA,8,0.0,1.0
fbihack_portlets,Hibernate,JPA,9,0.0,1.0
fbihack_portlets,Hibernate,JPA,10,0.0,1.0
fbihack_portlets,Hibernate,JPA,11,0.0,1.0
fbihack_portlets,Hibernate,JPA,12,0.0,1.0
fbihack_portlets,Hibernate,JPA,13,0.0,1.0
fbihack_portlets,Hibernate,JPA,14,0.0,1.0
fbihack_portlets,Hibernate,JPA,15,0.0,1.0
OpenGamma_OG-Platform,Hibernate,JPA,0,0.33333334,0.33333334
OpenGamma_OG-Platform,Hibernate,JPA,1,0.0,0.33333334
OpenGamma_OG-Platform,Hibernate,JPA,2,0.0,0.33333334
OpenGamma_OG-Platform,Hibernate,JPA,3,0.0,0.33333334
OpenGamma_OG-Platform,Hibernate,JPA,4,0.0,0.33333334
OpenGamma_OG-Platform,Hibernate,JPA,5,0.0,0.33333334
OpenGamma_OG-Platform,Hibernate,JPA,6,0.0,0.33333334
OpenGamma_OG-Platform,Hibernate,JPA,7,0.0,0.33333334
OpenGamma_OG-Platform,Hibernate,JPA,8,0.0,0.33333334
OpenGamma_OG-Platform,Hibernate,JPA,9,0.0,0.33333334
OpenGamma_OG-Platform,Hibernate,JPA,10,0.0,0.33333334
OpenGamma_OG-Platform,Hibernate,JPA,11,0.0,0.33333334
OpenGamma_OG-Platform,Hibernate,JPA,12,0.0,0.33333334
OpenGamma_OG-Platform,Hibernate,JPA,13,0.0,0.33333334
OpenGamma_OG-Platform,Hibernate,JPA,14,0.0,0.33333334
OpenGamma_OG-Platform,Hibernate,JPA,15,0.0,0.33333334
openmicroscopy_openmicroscopy,Hibernate,JPA,0,0.0,0.0
openmicroscopy_openmicroscopy,Hibernate,JPA,1,0.0,0.0
openmicroscopy_openmicroscopy,Hibernate,JPA,2,0.0,0.0
openmicroscopy_openmicroscopy,Hibernate,JPA,3,0.0,0.0
openmicroscopy_openmicroscopy,Hibernate,JPA,4,0.0,0.0
openmicroscopy_openmicroscopy,Hibernate,JPA,5,0.0,0.0
openmicroscopy_openmicroscopy,Hibernate,JPA,6,0.0,0.0
openmicroscopy_openmicroscopy,Hibernate,JPA,7,0.0,0.0
openmicroscopy_openmicroscopy,Hibernate,JPA,8,0.0,0.0
openmicroscopy_openmicroscopy,Hibernate,JPA,9,0.0,0.0
openmicroscopy_openmicroscopy,Hibernate,JPA,10,0.0,0.0
openmicroscopy_openmicroscopy,Hibernate,JPA,11,0.0,0.0
openmicroscopy_openmicroscopy,Hibernate,JPA,12,0.0,0.0
openmicroscopy_openmicroscopy,Hibernate,JPA,13,0.0,0.0
openmicroscopy_openmicroscopy,Hibernate,JPA,14,0.0,0.0
openmicroscopy_openmicroscopy,Hibernate,JPA,15,0.0,0.0
mifos_head,Hibernate,JPA,0,0.0,0.0
mifos_head,Hibernate,JPA,1,0.0,0.0
mifos_head,Hibernate,JPA,2,0.0,0.0
mifos_head,Hibernate,JPA,3,0.0,0.0
mifos_head,Hibernate,JPA,4,0.0,0.0
mifos_head,Hibernate,JPA,5,0.0,0.0
mifos_head,Hibernate,JPA,6,0.0,0.0
mifos_head,Hibernate,JPA,7,0.0,0.0
mifos_head,Hibernate,JPA,8,0.0,0.0
mifos_head,Hibernate,JPA,9,0.0,0.0
mifos_head,Hibernate,JPA,10,0.0,0.0
mifos_head,Hibernate,JPA,11,0.0,0.0
mifos_head,Hibernate,JPA,12,0.0,0.0
mifos_head,Hibernate,JPA,13,0.0,0.0
mifos_head,Hibernate,JPA,14,0.0,0.0
mifos_head,Hibernate,JPA,15,0.0,0.0
picocontainer_picocontainer,Hibernate,JPA,0,0.0,0.0
picocontainer_picocontainer,Hibernate,JPA,1,0.0,0.0
picocontainer_picocontainer,Hibernate,JPA,2,0.0,0.0
picocontainer_picocontainer,Hibernate,JPA,3,0.0,0.0
picocontainer_picocontainer,Hibernate,JPA,4,0.0,0.0
picocontainer_picocontainer,Hibernate,JPA,5,0.0,0.0
picocontainer_picocontainer,Hibernate,JPA,6,0.0,0.0
picocontainer_picocontainer,Hibernate,JPA,7,0.0,0.0
picocontainer_picocontainer,Hibernate,JPA,8,0.0,0.0
picocontainer_picocontainer,Hibernate,JPA,9,0.0,0.0
picocontainer_picocontainer,Hibernate,JPA,10,0.0,0.0
picocontainer_picocontainer,Hibernate,JPA,11,0.0,0.0
picocontainer_picocontainer,Hibernate,JPA,12,0.0,0.0
picocontainer_picocontainer,Hibernate,JPA,13,0.0,0.0
picocontainer_picocontainer,Hibernate,JPA,14,0.0,0.0
picocontainer_picocontainer,Hibernate,JPA,15,0.0,0.0
tedeling_ehour,Hibernate,JPA,0,0.071428575,0.071428575
tedeling_ehour,Hibernate,JPA,1,0.0,0.071428575
tedeling_ehour,Hibernate,JPA,2,0.0,0.071428575
tedeling_ehour,Hibernate,JPA,3,0.0,0.071428575
tedeling_ehour,Hibernate,JPA,4,0.0,0.071428575
tedeling_ehour,Hibernate,JPA,5,0.0,0.071428575
tedeling_ehour,Hibernate,JPA,6,0.0,0.071428575
tedeling_ehour,Hibernate,JPA,7,0.0,0.071428575
tedeling_ehour,Hibernate,JPA,8,0.0,0.071428575
tedeling_ehour,Hibernate,JPA,9,0.0,0.071428575
tedeling_ehour,Hibernate,JPA,10,0.0,0.071428575
tedeling_ehour,Hibernate,JPA,11,0.0,0.071428575
tedeling_ehour,Hibernate,JPA,12,0.0,0.071428575
tedeling_ehour,Hibernate,JPA,13,0.0,0.071428575
tedeling_ehour,Hibernate,JPA,14,0.0,0.071428575
tedeling_ehour,Hibernate,JPA,15,0.0,0.071428575
metawidget_metawidget,Hibernate,JPA,0,0.0,0.0
metawidget_metawidget,Hibernate,JPA,1,0.0,0.0
metawidget_metawidget,Hibernate,JPA,2,0.0,0.0
metawidget_metawidget,Hibernate,JPA,3,0.0,0.0
metawidget_metawidget,Hibernate,JPA,4,0.0,0.0
metawidget_metawidget,Hibernate,JPA,5,0.0,0.0
metawidget_metawidget,Hibernate,JPA,6,0.0,0.0
metawidget_metawidget,Hibernate,JPA,7,0.0,0.0
metawidget_metawidget,Hibernate,JPA,8,0.0,0.0
metawidget_metawidget,Hibernate,JPA,9,0.0,0.0
metawidget_metawidget,Hibernate,JPA,10,0.0,0.0
metawidget_metawidget,Hibernate,JPA,11,0.0,0.0
metawidget_metawidget,Hibernate,JPA,12,0.0,0.0
metawidget_metawidget,Hibernate,JPA,13,0.0,0.0
metawidget_metawidget,Hibernate,JPA,14,0.0,0.0
metawidget_metawidget,Hibernate,JPA,15,0.0,0.0
droolsjbpm_jbpm,Hibernate,JPA,0,1.0,1.0
droolsjbpm_jbpm,Hibernate,JPA,1,0.0,1.0
droolsjbpm_jbpm,Hibernate,JPA,2,0.0,1.0
droolsjbpm_jbpm,Hibernate,JPA,3,0.0,1.0
droolsjbpm_jbpm,Hibernate,JPA,4,0.0,1.0
droolsjbpm_jbpm,Hibernate,JPA,5,0.0,1.0
droolsjbpm_jbpm,Hibernate,JPA,6,0.0,1.0
droolsjbpm_jbpm,Hibernate,JPA,7,0.0,1.0
droolsjbpm_jbpm,Hibernate,JPA,8,0.0,1.0
droolsjbpm_jbpm,Hibernate,JPA,9,0.0,1.0
droolsjbpm_jbpm,Hibernate,JPA,10,0.0,1.0
droolsjbpm_jbpm,Hibernate,JPA,11,0.0,1.0
droolsjbpm_jbpm,Hibernate,JPA,12,0.0,1.0
droolsjbpm_jbpm,Hibernate,JPA,13,0.0,1.0
droolsjbpm_jbpm,Hibernate,JPA,14,0.0,1.0
droolsjbpm_jbpm,Hibernate,JPA,15,0.0,1.0
jpaoletti_java-presentation-manager,JPA,Hibernate,0,0.0,0.0
jpaoletti_java-presentation-manager,JPA,Hibernate,1,0.0,0.0
jpaoletti_java-presentation-manager,JPA,Hibernate,2,0.0,0.0
jpaoletti_java-presentation-manager,JPA,Hibernate,3,0.0,0.0
jpaoletti_java-presentation-manager,JPA,Hibernate,4,0.0,0.0
jpaoletti_java-presentation-manager,JPA,Hibernate,5,0.0,0.0
jpaoletti_java-presentation-manager,JPA,Hibernate,6,0.0,0.0
jpaoletti_java-presentation-manager,JPA,Hibernate,7,0.0,0.0
jpaoletti_java-presentation-manager,JPA,Hibernate,8,0.0,0.0
jpaoletti_java-presentation-manager,JPA,Hibernate,9,0.0,0.0
jpaoletti_java-presentation-manager,JPA,Hibernate,10,0.0,0.0
jpaoletti_java-presentation-manager,JPA,Hibernate,11,0.0,0.0
jpaoletti_java-presentation-manager,JPA,Hibernate,12,0.0,0.0
jpaoletti_java-presentation-manager,JPA,Hibernate,13,0.0,0.0
jpaoletti_java-presentation-manager,JPA,Hibernate,14,0.0,0.0
jpaoletti_java-presentation-manager,JPA,Hibernate,15,0.0,0.0
cmoulliard_camel-osgi-servicemix-tutorial,JPA,Hibernate,0,0.5,0.5
cmoulliard_camel-osgi-servicemix-tutorial,JPA,Hibernate,1,0.0,0.5
cmoulliard_camel-osgi-servicemix-tutorial,JPA,Hibernate,2,0.0,0.5
cmoulliard_camel-osgi-servicemix-tutorial,JPA,Hibernate,3,0.0,0.5
cmoulliard_camel-osgi-servicemix-tutorial,JPA,Hibernate,4,0.0,0.5
cmoulliard_camel-osgi-servicemix-tutorial,JPA,Hibernate,5,0.0,0.5
cmoulliard_camel-osgi-servicemix-tutorial,JPA,Hibernate,6,0.0,0.5
cmoulliard_camel-osgi-servicemix-tutorial,JPA,Hibernate,7,0.0,0.5
cmoulliard_camel-osgi-servicemix-tutorial,JPA,Hibernate,8,0.0,0.5
cmoulliard_camel-osgi-servicemix-tutorial,JPA,Hibernate,9,0.0,0.5
cmoulliard_camel-osgi-servicemix-tutorial,JPA,Hibernate,10,0.0,0.5
cmoulliard_camel-osgi-servicemix-tutorial,JPA,Hibernate,11,0.0,0.5
cmoulliard_camel-osgi-servicemix-tutorial,JPA,Hibernate,12,0.0,0.5
cmoulliard_camel-osgi-servicemix-tutorial,JPA,Hibernate,13,0.0,0.5
cmoulliard_camel-osgi-servicemix-tutorial,JPA,Hibernate,14,0.0,0.5
cmoulliard_camel-osgi-servicemix-tutorial,JPA,Hibernate,15,0.0,0.5
droolsjbpm_droolsjbpm-contributed-experiments,JPA,Hibernate,0,0.0,0.0
droolsjbpm_droolsjbpm-contributed-experiments,JPA,Hibernate,1,0.0,0.0
droolsjbpm_droolsjbpm-contributed-experiments,JPA,Hibernate,2,0.0,0.0
droolsjbpm_droolsjbpm-contributed-experiments,JPA,Hibernate,3,0.0,0.0
droolsjbpm_droolsjbpm-contributed-experiments,JPA,Hibernate,4,0.0,0.0
droolsjbpm_droolsjbpm-contributed-experiments,JPA,Hibernate,5,0.0,0.0
droolsjbpm_droolsjbpm-contributed-experiments,JPA,Hibernate,6,0.0,0.0
droolsjbpm_droolsjbpm-contributed-experiments,JPA,Hibernate,7,0.0,0.0
droolsjbpm_droolsjbpm-contributed-experiments,JPA,Hibernate,8,0.0,0.0
droolsjbpm_droolsjbpm-contributed-experiments,JPA,Hibernate,9,0.0,0.0
droolsjbpm_droolsjbpm-contributed-experiments,JPA,Hibernate,10,0.0,0.0
droolsjbpm_droolsjbpm-contributed-experiments,JPA,Hibernate,11,0.0,0.0
droolsjbpm_droolsjbpm-contributed-experiments,JPA,Hibernate,12,0.0,0.0
droolsjbpm_droolsjbpm-contributed-experiments,JPA,Hibernate,13,0.0,0.0
droolsjbpm_droolsjbpm-contributed-experiments,JPA,Hibernate,14,0.0,0.0
droolsjbpm_droolsjbpm-contributed-experiments,JPA,Hibernate,15,0.0,0.0
hibernate_hibernate-tools,JPA,Hibernate,0,0.0,0.0
hibernate_hibernate-tools,JPA,Hibernate,1,0.0,0.0
hibernate_hibernate-tools,JPA,Hibernate,2,0.0,0.0
hibernate_hibernate-tools,JPA,Hibernate,3,0.0,0.0
hibernate_hibernate-tools,JPA,Hibernate,4,0.0,0.0
hibernate_hibernate-tools,JPA,Hibernate,5,0.0,0.0
hibernate_hibernate-tools,JPA,Hibernate,6,0.0,0.0
hibernate_hibernate-tools,JPA,Hibernate,7,0.0,0.0
hibernate_hibernate-tools,JPA,Hibernate,8,0.0,0.0
hibernate_hibernate-tools,JPA,Hibernate,9,0.0,0.0
hibernate_hibernate-tools,JPA,Hibernate,10,0.0,0.0
hibernate_hibernate-tools,JPA,Hibernate,11,0.0,0.0
hibernate_hibernate-tools,JPA,Hibernate,12,0.0,0.0
hibernate_hibernate-tools,JPA,Hibernate,13,0.0,0.0
hibernate_hibernate-tools,JPA,Hibernate,14,0.0,0.0
hibernate_hibernate-tools,JPA,Hibernate,15,0.0,0.0
abiquo_abiquo,JPA,Hibernate,0,0.0,0.0
abiquo_abiquo,JPA,Hibernate,1,0.0,0.0
abiquo_abiquo,JPA,Hibernate,2,0.0,0.0
abiquo_abiquo,JPA,Hibernate,3,0.0,0.0
abiquo_abiquo,JPA,Hibernate,4,0.0,0.0
abiquo_abiquo,JPA,Hibernate,5,0.0,0.0
abiquo_abiquo,JPA,Hibernate,6,0.0,0.0
abiquo_abiquo,JPA,Hibernate,7,0.0,0.0
abiquo_abiquo,JPA,Hibernate,8,0.0,0.0
abiquo_abiquo,JPA,Hibernate,9,0.0,0.0
abiquo_abiquo,JPA,Hibernate,10,0.0,0.0
abiquo_abiquo,JPA,Hibernate,11,0.0,0.0
abiquo_abiquo,JPA,Hibernate,12,0.0,0.0
abiquo_abiquo,JPA,Hibernate,13,0.0,0.0
abiquo_abiquo,JPA,Hibernate,14,0.0,0.0
abiquo_abiquo,JPA,Hibernate,15,0.0,0.0
societies_SOCIETIES-SCE-Services,JPA,Hibernate,0,0.057142857,0.057142857
societies_SOCIETIES-SCE-Services,JPA,Hibernate,1,0.0,0.057142857
societies_SOCIETIES-SCE-Services,JPA,Hibernate,2,0.0,0.057142857
societies_SOCIETIES-SCE-Services,JPA,Hibernate,3,0.0,0.057142857
societies_SOCIETIES-SCE-Services,JPA,Hibernate,4,0.0,0.057142857
societies_SOCIETIES-SCE-Services,JPA,Hibernate,5,0.0,0.057142857
societies_SOCIETIES-SCE-Services,JPA,Hibernate,6,0.0,0.057142857
societies_SOCIETIES-SCE-Services,JPA,Hibernate,7,0.0,0.057142857
societies_SOCIETIES-SCE-Services,JPA,Hibernate,8,0.0,0.057142857
societies_SOCIETIES-SCE-Services,JPA,Hibernate,9,0.0,0.057142857
societies_SOCIETIES-SCE-Services,JPA,Hibernate,10,0.0,0.057142857
societies_SOCIETIES-SCE-Services,JPA,Hibernate,11,0.0,0.057142857
societies_SOCIETIES-SCE-Services,JPA,Hibernate,12,0.0,0.057142857
societies_SOCIETIES-SCE-Services,JPA,Hibernate,13,0.0,0.057142857
societies_SOCIETIES-SCE-Services,JPA,Hibernate,14,0.0,0.057142857
societies_SOCIETIES-SCE-Services,JPA,Hibernate,15,0.0,0.057142857
gridgain_gridgain,JPA,Hibernate,0,0.33333334,0.33333334
gridgain_gridgain,JPA,Hibernate,1,0.0,0.33333334
gridgain_gridgain,JPA,Hibernate,2,0.0,0.33333334
gridgain_gridgain,JPA,Hibernate,3,0.0,0.33333334
gridgain_gridgain,JPA,Hibernate,4,0.0,0.33333334
gridgain_gridgain,JPA,Hibernate,5,0.0,0.33333334
gridgain_gridgain,JPA,Hibernate,6,0.0,0.33333334
gridgain_gridgain,JPA,Hibernate,7,0.0,0.33333334
gridgain_gridgain,JPA,Hibernate,8,0.0,0.33333334
gridgain_gridgain,JPA,Hibernate,9,0.0,0.33333334
gridgain_gridgain,JPA,Hibernate,10,0.0,0.33333334
gridgain_gridgain,JPA,Hibernate,11,0.0,0.33333334
gridgain_gridgain,JPA,Hibernate,12,0.0,0.33333334
gridgain_gridgain,JPA,Hibernate,13,0.0,0.33333334
gridgain_gridgain,JPA,Hibernate,14,0.0,0.33333334
gridgain_gridgain,JPA,Hibernate,15,0.0,0.33333334
rasea_server,JPA,Hibernate,0,0.0,0.0
rasea_server,JPA,Hibernate,1,0.0,0.0
rasea_server,JPA,Hibernate,2,0.0,0.0
rasea_server,JPA,Hibernate,3,0.0,0.0
rasea_server,JPA,Hibernate,4,0.0,0.0
rasea_server,JPA,Hibernate,5,0.0,0.0
rasea_server,JPA,Hibernate,6,0.0,0.0
rasea_server,JPA,Hibernate,7,0.0,0.0
rasea_server,JPA,Hibernate,8,0.0,0.0
rasea_server,JPA,Hibernate,9,0.0,0.0
rasea_server,JPA,Hibernate,10,0.0,0.0
rasea_server,JPA,Hibernate,11,0.0,0.0
rasea_server,JPA,Hibernate,12,0.0,0.0
rasea_server,JPA,Hibernate,13,0.0,0.0
rasea_server,JPA,Hibernate,14,0.0,0.0
rasea_server,JPA,Hibernate,15,0.0,0.0
INCF_eeg-database,JPA,Hibernate,0,0.15384616,0.15384616
INCF_eeg-database,JPA,Hibernate,1,0.0,0.15384616
INCF_eeg-database,JPA,Hibernate,2,0.0,0.15384616
INCF_eeg-database,JPA,Hibernate,3,0.0,0.15384616
INCF_eeg-database,JPA,Hibernate,4,0.0,0.15384616
INCF_eeg-database,JPA,Hibernate,5,0.0,0.15384616
INCF_eeg-database,JPA,Hibernate,6,0.0,0.15384616
INCF_eeg-database,JPA,Hibernate,7,0.0,0.15384616
INCF_eeg-database,JPA,Hibernate,8,0.0,0.15384616
INCF_eeg-database,JPA,Hibernate,9,0.0,0.15384616
INCF_eeg-database,JPA,Hibernate,10,0.0,0.15384616
INCF_eeg-database,JPA,Hibernate,11,0.0,0.15384616
INCF_eeg-database,JPA,Hibernate,12,0.0,0.15384616
INCF_eeg-database,JPA,Hibernate,13,0.0,0.15384616
INCF_eeg-database,JPA,Hibernate,14,0.0,0.15384616
INCF_eeg-database,JPA,Hibernate,15,0.0,0.15384616
hibernate_hibernate-search,JPA,Hibernate,0,0.0,0.0
hibernate_hibernate-search,JPA,Hibernate,1,0.0,0.0
hibernate_hibernate-search,JPA,Hibernate,2,0.0,0.0
hibernate_hibernate-search,JPA,Hibernate,3,0.0,0.0
hibernate_hibernate-search,JPA,Hibernate,4,0.0,0.0
hibernate_hibernate-search,JPA,Hibernate,5,0.012987013,0.012987013
hibernate_hibernate-search,JPA,Hibernate,6,0.0,0.012987013
hibernate_hibernate-search,JPA,Hibernate,7,0.0,0.012987013
hibernate_hibernate-search,JPA,Hibernate,8,0.0,0.012987013
hibernate_hibernate-search,JPA,Hibernate,9,0.0,0.012987013
hibernate_hibernate-search,JPA,Hibernate,10,0.0,0.012987013
hibernate_hibernate-search,JPA,Hibernate,11,0.0,0.012987013
hibernate_hibernate-search,JPA,Hibernate,12,0.0,0.012987013
hibernate_hibernate-search,JPA,Hibernate,13,0.0,0.012987013
hibernate_hibernate-search,JPA,Hibernate,14,0.0,0.012987013
hibernate_hibernate-search,JPA,Hibernate,15,0.0,0.012987013
avshabanov_java-maven-tests,JPA,Hibernate,0,0.0625,0.0625
avshabanov_java-maven-tests,JPA,Hibernate,1,0.0,0.0625
avshabanov_java-maven-tests,JPA,Hibernate,2,0.0,0.0625
avshabanov_java-maven-tests,JPA,Hibernate,3,0.0,0.0625
avshabanov_java-maven-tests,JPA,Hibernate,4,0.0,0.0625
avshabanov_java-maven-tests,JPA,Hibernate,5,0.0,0.0625
avshabanov_java-maven-tests,JPA,Hibernate,6,0.0,0.0625
avshabanov_java-maven-tests,JPA,Hibernate,7,0.0,0.0625
avshabanov_java-maven-tests,JPA,Hibernate,8,0.0,0.0625
avshabanov_java-maven-tests,JPA,Hibernate,9,0.0,0.0625
avshabanov_java-maven-tests,JPA,Hibernate,10,0.0,0.0625
avshabanov_java-maven-tests,JPA,Hibernate,11,0.0,0.0625
avshabanov_java-maven-tests,JPA,Hibernate,12,0.0,0.0625
avshabanov_java-maven-tests,JPA,Hibernate,13,0.0,0.0625
avshabanov_java-maven-tests,JPA,Hibernate,14,0.0,0.0625
avshabanov_java-maven-tests,JPA,Hibernate,15,0.0,0.0625
mariuszs_openxava,JPA,Hibernate,0,0.0,0.0
mariuszs_openxava,JPA,Hibernate,1,0.0,0.0
mariuszs_openxava,JPA,Hibernate,2,0.0,0.0
mariuszs_openxava,JPA,Hibernate,3,0.0,0.0
mariuszs_openxava,JPA,Hibernate,4,0.0,0.0
mariuszs_openxava,JPA,Hibernate,5,0.0,0.0
mariuszs_openxava,JPA,Hibernate,6,0.0,0.0
mariuszs_openxava,JPA,Hibernate,7,0.0,0.0
mariuszs_openxava,JPA,Hibernate,8,0.0,0.0
mariuszs_openxava,JPA,Hibernate,9,0.0,0.0
mariuszs_openxava,JPA,Hibernate,10,0.0,0.0
mariuszs_openxava,JPA,Hibernate,11,0.0,0.0
mariuszs_openxava,JPA,Hibernate,12,0.0,0.0
mariuszs_openxava,JPA,Hibernate,13,0.0,0.0
mariuszs_openxava,JPA,Hibernate,14,0.0,0.0
mariuszs_openxava,JPA,Hibernate,15,0.0,0.0
nasa_mct,JPA,Hibernate,0,0.0,0.0
nasa_mct,JPA,Hibernate,1,0.0,0.0
nasa_mct,JPA,Hibernate,2,0.0,0.0
nasa_mct,JPA,Hibernate,3,0.0,0.0
nasa_mct,JPA,Hibernate,4,0.0,0.0
nasa_mct,JPA,Hibernate,5,0.0,0.0
nasa_mct,JPA,Hibernate,6,0.0,0.0
nasa_mct,JPA,Hibernate,7,0.0,0.0
nasa_mct,JPA,Hibernate,8,0.0,0.0
nasa_mct,JPA,Hibernate,9,0.0,0.0
nasa_mct,JPA,Hibernate,10,0.0,0.0
nasa_mct,JPA,Hibernate,11,0.0,0.0
nasa_mct,JPA,Hibernate,12,0.0,0.0
nasa_mct,JPA,Hibernate,13,0.0,0.0
nasa_mct,JPA,Hibernate,14,0.0,0.0
nasa_mct,JPA,Hibernate,15,0.0,0.0
patrikfr_dddsample,JPA,Hibernate,0,0.0,0.0
patrikfr_dddsample,JPA,Hibernate,1,0.0,0.0
patrikfr_dddsample,JPA,Hibernate,2,0.0,0.0
patrikfr_dddsample,JPA,Hibernate,3,0.0,0.0
patrikfr_dddsample,JPA,Hibernate,4,0.0,0.0
patrikfr_dddsample,JPA,Hibernate,5,0.0,0.0
patrikfr_dddsample,JPA,Hibernate,6,0.0,0.0
patrikfr_dddsample,JPA,Hibernate,7,0.0,0.0
patrikfr_dddsample,JPA,Hibernate,8,0.0,0.0
patrikfr_dddsample,JPA,Hibernate,9,0.0,0.0
patrikfr_dddsample,JPA,Hibernate,10,0.0,0.0
patrikfr_dddsample,JPA,Hibernate,11,0.0,0.0
patrikfr_dddsample,JPA,Hibernate,12,0.0,0.0
patrikfr_dddsample,JPA,Hibernate,13,0.0,0.0
patrikfr_dddsample,JPA,Hibernate,14,0.0,0.0
patrikfr_dddsample,JPA,Hibernate,15,0.0,0.0
rongjihuang_bc-framework,JPA,Hibernate,0,0.11111111,0.11111111
rongjihuang_bc-framework,JPA,Hibernate,1,0.0,0.11111111
rongjihuang_bc-framework,JPA,Hibernate,2,0.0,0.11111111
rongjihuang_bc-framework,JPA,Hibernate,3,0.0,0.11111111
rongjihuang_bc-framework,JPA,Hibernate,4,0.0,0.11111111
rongjihuang_bc-framework,JPA,Hibernate,5,0.0,0.11111111
rongjihuang_bc-framework,JPA,Hibernate,6,0.0,0.11111111
rongjihuang_bc-framework,JPA,Hibernate,7,0.0,0.11111111
rongjihuang_bc-framework,JPA,Hibernate,8,0.0,0.11111111
rongjihuang_bc-framework,JPA,Hibernate,9,0.0,0.11111111
rongjihuang_bc-framework,JPA,Hibernate,10,0.0,0.11111111
rongjihuang_bc-framework,JPA,Hibernate,11,0.0,0.11111111
rongjihuang_bc-framework,JPA,Hibernate,12,0.0,0.11111111
rongjihuang_bc-framework,JPA,Hibernate,13,0.0,0.11111111
rongjihuang_bc-framework,JPA,Hibernate,14,0.0,0.11111111
rongjihuang_bc-framework,JPA,Hibernate,15,0.0,0.11111111
itm_wsn-device-drivers,JPA,Hibernate,0,0.0,0.0
itm_wsn-device-drivers,JPA,Hibernate,1,0.0,0.0
itm_wsn-device-drivers,JPA,Hibernate,2,0.0,0.0
itm_wsn-device-drivers,JPA,Hibernate,3,0.0,0.0
itm_wsn-device-drivers,JPA,Hibernate,4,0.0,0.0
itm_wsn-device-drivers,JPA,Hibernate,5,0.0,0.0
itm_wsn-device-drivers,JPA,Hibernate,6,0.0,0.0
itm_wsn-device-drivers,JPA,Hibernate,7,0.0,0.0
itm_wsn-device-drivers,JPA,Hibernate,8,0.0,0.0
itm_wsn-device-drivers,JPA,Hibernate,9,0.0,0.0
itm_wsn-device-drivers,JPA,Hibernate,10,0.0,0.0
itm_wsn-device-drivers,JPA,Hibernate,11,0.0,0.0
itm_wsn-device-drivers,JPA,Hibernate,12,0.0,0.0
itm_wsn-device-drivers,JPA,Hibernate,13,0.0,0.0
itm_wsn-device-drivers,JPA,Hibernate,14,0.0,0.0
itm_wsn-device-drivers,JPA,Hibernate,15,0.0,0.0
NUBIC_psc-mirror,JPA,Hibernate,0,0.0,0.0
NUBIC_psc-mirror,JPA,Hibernate,1,0.0,0.0
NUBIC_psc-mirror,JPA,Hibernate,2,0.0,0.0
NUBIC_psc-mirror,JPA,Hibernate,3,0.0,0.0
NUBIC_psc-mirror,JPA,Hibernate,4,0.0,0.0
NUBIC_psc-mirror,JPA,Hibernate,5,0.0,0.0
NUBIC_psc-mirror,JPA,Hibernate,6,0.0,0.0
NUBIC_psc-mirror,JPA,Hibernate,7,0.0,0.0
NUBIC_psc-mirror,JPA,Hibernate,8,0.0,0.0
NUBIC_psc-mirror,JPA,Hibernate,9,0.0,0.0
NUBIC_psc-mirror,JPA,Hibernate,10,0.0,0.0
NUBIC_psc-mirror,JPA,Hibernate,11,0.0,0.0
NUBIC_psc-mirror,JPA,Hibernate,12,0.0,0.0
NUBIC_psc-mirror,JPA,Hibernate,13,0.0,0.0
NUBIC_psc-mirror,JPA,Hibernate,14,0.0,0.0
NUBIC_psc-mirror,JPA,Hibernate,15,0.0,0.0
fenix-framework_fenix-framework,JPA,Hibernate,0,0.0,0.0
fenix-framework_fenix-framework,JPA,Hibernate,1,0.0,0.0
fenix-framework_fenix-framework,JPA,Hibernate,2,0.0,0.0
fenix-framework_fenix-framework,JPA,Hibernate,3,0.0,0.0
fenix-framework_fenix-framework,JPA,Hibernate,4,0.0,0.0
fenix-framework_fenix-framework,JPA,Hibernate,5,0.0,0.0
fenix-framework_fenix-framework,JPA,Hibernate,6,0.0,0.0
fenix-framework_fenix-framework,JPA,Hibernate,7,0.0,0.0
fenix-framework_fenix-framework,JPA,Hibernate,8,0.0,0.0
fenix-framework_fenix-framework,JPA,Hibernate,9,0.0,0.0
fenix-framework_fenix-framework,JPA,Hibernate,10,0.0,0.0
fenix-framework_fenix-framework,JPA,Hibernate,11,0.0,0.0
fenix-framework_fenix-framework,JPA,Hibernate,12,0.0,0.0
fenix-framework_fenix-framework,JPA,Hibernate,13,0.0,0.0
fenix-framework_fenix-framework,JPA,Hibernate,14,0.0,0.0
fenix-framework_fenix-framework,JPA,Hibernate,15,0.0,0.0
fqntxmqee_webframe,JPA,Hibernate,0,0.0,0.0
fqntxmqee_webframe,JPA,Hibernate,1,0.0,0.0
fqntxmqee_webframe,JPA,Hibernate,2,0.0,0.0
fqntxmqee_webframe,JPA,Hibernate,3,0.0,0.0
fqntxmqee_webframe,JPA,Hibernate,4,0.0,0.0
fqntxmqee_webframe,JPA,Hibernate,5,0.0,0.0
fqntxmqee_webframe,JPA,Hibernate,6,0.0,0.0
fqntxmqee_webframe,JPA,Hibernate,7,0.0,0.0
fqntxmqee_webframe,JPA,Hibernate,8,0.0,0.0
fqntxmqee_webframe,JPA,Hibernate,9,0.0,0.0
fqntxmqee_webframe,JPA,Hibernate,10,0.0,0.0
fqntxmqee_webframe,JPA,Hibernate,11,0.0,0.0
fqntxmqee_webframe,JPA,Hibernate,12,0.0,0.0
fqntxmqee_webframe,JPA,Hibernate,13,0.0,0.0
fqntxmqee_webframe,JPA,Hibernate,14,0.0,0.0
fqntxmqee_webframe,JPA,Hibernate,15,0.0,0.0
SpringSource_spring-webflow,JPA,Hibernate,0,0.0,0.0
SpringSource_spring-webflow,JPA,Hibernate,1,0.0,0.0
SpringSource_spring-webflow,JPA,Hibernate,2,0.0,0.0
SpringSource_spring-webflow,JPA,Hibernate,3,0.0,0.0
SpringSource_spring-webflow,JPA,Hibernate,4,0.0,0.0
SpringSource_spring-webflow,JPA,Hibernate,5,0.0,0.0
SpringSource_spring-webflow,JPA,Hibernate,6,0.0,0.0
SpringSource_spring-webflow,JPA,Hibernate,7,0.0,0.0
SpringSource_spring-webflow,JPA,Hibernate,8,0.0,0.0
SpringSource_spring-webflow,JPA,Hibernate,9,0.0,0.0
SpringSource_spring-webflow,JPA,Hibernate,10,0.0,0.0
SpringSource_spring-webflow,JPA,Hibernate,11,0.0,0.0
SpringSource_spring-webflow,JPA,Hibernate,12,0.0,0.0
SpringSource_spring-webflow,JPA,Hibernate,13,0.0,0.0
SpringSource_spring-webflow,JPA,Hibernate,14,0.0,0.0
SpringSource_spring-webflow,JPA,Hibernate,15,0.0,0.0
snowdrop_quickstarts,JPA,Hibernate,0,0.0,0.0
snowdrop_quickstarts,JPA,Hibernate,1,0.0,0.0
snowdrop_quickstarts,JPA,Hibernate,2,0.0,0.0
snowdrop_quickstarts,JPA,Hibernate,3,0.0,0.0
snowdrop_quickstarts,JPA,Hibernate,4,0.0,0.0
snowdrop_quickstarts,JPA,Hibernate,5,0.0,0.0
snowdrop_quickstarts,JPA,Hibernate,6,0.0,0.0
snowdrop_quickstarts,JPA,Hibernate,7,0.0,0.0
snowdrop_quickstarts,JPA,Hibernate,8,0.0,0.0
snowdrop_quickstarts,JPA,Hibernate,9,0.0,0.0
snowdrop_quickstarts,JPA,Hibernate,10,0.0,0.0
snowdrop_quickstarts,JPA,Hibernate,11,0.0,0.0
snowdrop_quickstarts,JPA,Hibernate,12,0.0,0.0
snowdrop_quickstarts,JPA,Hibernate,13,0.0,0.0
snowdrop_quickstarts,JPA,Hibernate,14,0.0,0.0
snowdrop_quickstarts,JPA,Hibernate,15,0.0,0.0
mysema_querydsl,JPA,Hibernate,0,0.11320755,0.11320755
mysema_querydsl,JPA,Hibernate,1,0.0,0.11320755
mysema_querydsl,JPA,Hibernate,2,0.0,0.11320755
mysema_querydsl,JPA,Hibernate,3,0.0,0.11320755
mysema_querydsl,JPA,Hibernate,4,0.0,0.11320755
mysema_querydsl,JPA,Hibernate,5,0.0,0.11320755
mysema_querydsl,JPA,Hibernate,6,0.0,0.11320755
mysema_querydsl,JPA,Hibernate,7,0.0,0.11320755
mysema_querydsl,JPA,Hibernate,8,0.0,0.11320755
mysema_querydsl,JPA,Hibernate,9,0.0,0.11320755
mysema_querydsl,JPA,Hibernate,10,0.0,0.11320755
mysema_querydsl,JPA,Hibernate,11,0.0,0.11320755
mysema_querydsl,JPA,Hibernate,12,0.0,0.11320755
mysema_querydsl,JPA,Hibernate,13,0.0,0.11320755
mysema_querydsl,JPA,Hibernate,14,0.0,0.11320755
mysema_querydsl,JPA,Hibernate,15,0.0,0.11320755
jbossejb3_jboss-ejb3-tutorial,JPA,Hibernate,0,0.0,0.0
jbossejb3_jboss-ejb3-tutorial,JPA,Hibernate,1,0.0,0.0
jbossejb3_jboss-ejb3-tutorial,JPA,Hibernate,2,0.0,0.0
jbossejb3_jboss-ejb3-tutorial,JPA,Hibernate,3,0.0,0.0
jbossejb3_jboss-ejb3-tutorial,JPA,Hibernate,4,0.0,0.0
jbossejb3_jboss-ejb3-tutorial,JPA,Hibernate,5,0.0,0.0
jbossejb3_jboss-ejb3-tutorial,JPA,Hibernate,6,0.0,0.0
jbossejb3_jboss-ejb3-tutorial,JPA,Hibernate,7,0.0,0.0
jbossejb3_jboss-ejb3-tutorial,JPA,Hibernate,8,0.0,0.0
jbossejb3_jboss-ejb3-tutorial,JPA,Hibernate,9,0.0,0.0
jbossejb3_jboss-ejb3-tutorial,JPA,Hibernate,10,0.0,0.0
jbossejb3_jboss-ejb3-tutorial,JPA,Hibernate,11,0.0,0.0
jbossejb3_jboss-ejb3-tutorial,JPA,Hibernate,12,0.0,0.0
jbossejb3_jboss-ejb3-tutorial,JPA,Hibernate,13,0.0,0.0
jbossejb3_jboss-ejb3-tutorial,JPA,Hibernate,14,0.0,0.0
jbossejb3_jboss-ejb3-tutorial,JPA,Hibernate,15,0.0,0.0
demetriusf_umake,JPA,Hibernate,0,1.0,1.0
demetriusf_umake,JPA,Hibernate,1,0.0,1.0
demetriusf_umake,JPA,Hibernate,2,0.0,1.0
demetriusf_umake,JPA,Hibernate,3,0.0,1.0
demetriusf_umake,JPA,Hibernate,4,0.0,1.0
demetriusf_umake,JPA,Hibernate,5,0.0,1.0
demetriusf_umake,JPA,Hibernate,6,0.0,1.0
demetriusf_umake,JPA,Hibernate,7,0.0,1.0
demetriusf_umake,JPA,Hibernate,8,0.0,1.0
demetriusf_umake,JPA,Hibernate,9,0.0,1.0
demetriusf_umake,JPA,Hibernate,10,0.0,1.0
demetriusf_umake,JPA,Hibernate,11,0.0,1.0
demetriusf_umake,JPA,Hibernate,12,0.0,1.0
demetriusf_umake,JPA,Hibernate,13,0.0,1.0
demetriusf_umake,JPA,Hibernate,14,0.0,1.0
demetriusf_umake,JPA,Hibernate,15,0.0,1.0
liquibase_liquibase-hibernate,JPA,Hibernate,0,0.0,0.0
liquibase_liquibase-hibernate,JPA,Hibernate,1,0.0,0.0
liquibase_liquibase-hibernate,JPA,Hibernate,2,0.0,0.0
liquibase_liquibase-hibernate,JPA,Hibernate,3,0.0,0.0
liquibase_liquibase-hibernate,JPA,Hibernate,4,0.0,0.0
liquibase_liquibase-hibernate,JPA,Hibernate,5,0.0,0.0
liquibase_liquibase-hibernate,JPA,Hibernate,6,0.0,0.0
liquibase_liquibase-hibernate,JPA,Hibernate,7,0.0,0.0
liquibase_liquibase-hibernate,JPA,Hibernate,8,0.0,0.0
liquibase_liquibase-hibernate,JPA,Hibernate,9,0.0,0.0
liquibase_liquibase-hibernate,JPA,Hibernate,10,0.0,0.0
liquibase_liquibase-hibernate,JPA,Hibernate,11,0.0,0.0
liquibase_liquibase-hibernate,JPA,Hibernate,12,0.0,0.0
liquibase_liquibase-hibernate,JPA,Hibernate,13,0.0,0.0
liquibase_liquibase-hibernate,JPA,Hibernate,14,0.0,0.0
liquibase_liquibase-hibernate,JPA,Hibernate,15,0.0,0.0
joedayz_faces,JPA,Hibernate,0,0.14285715,0.14285715
joedayz_faces,JPA,Hibernate,1,0.0,0.14285715
joedayz_faces,JPA,Hibernate,2,0.0,0.14285715
joedayz_faces,JPA,Hibernate,3,0.0,0.14285715
joedayz_faces,JPA,Hibernate,4,0.0,0.14285715
joedayz_faces,JPA,Hibernate,5,0.0,0.14285715
joedayz_faces,JPA,Hibernate,6,0.0,0.14285715
joedayz_faces,JPA,Hibernate,7,0.0,0.14285715
joedayz_faces,JPA,Hibernate,8,0.0,0.14285715
joedayz_faces,JPA,Hibernate,9,0.0,0.14285715
joedayz_faces,JPA,Hibernate,10,0.0,0.14285715
joedayz_faces,JPA,Hibernate,11,0.0,0.14285715
joedayz_faces,JPA,Hibernate,12,0.0,0.14285715
joedayz_faces,JPA,Hibernate,13,0.0,0.14285715
joedayz_faces,JPA,Hibernate,14,0.0,0.14285715
joedayz_faces,JPA,Hibernate,15,0.0,0.14285715
kimchy_compass,JPA,Hibernate,0,0.0,0.0
kimchy_compass,JPA,Hibernate,1,0.0,0.0
kimchy_compass,JPA,Hibernate,2,0.0,0.0
kimchy_compass,JPA,Hibernate,3,0.0,0.0
kimchy_compass,JPA,Hibernate,4,0.0,0.0
kimchy_compass,JPA,Hibernate,5,0.0,0.0
kimchy_compass,JPA,Hibernate,6,0.0,0.0
kimchy_compass,JPA,Hibernate,7,0.0,0.0
kimchy_compass,JPA,Hibernate,8,0.0,0.0
kimchy_compass,JPA,Hibernate,9,0.0,0.0
kimchy_compass,JPA,Hibernate,10,0.0,0.0
kimchy_compass,JPA,Hibernate,11,0.0,0.0
kimchy_compass,JPA,Hibernate,12,0.0,0.0
kimchy_compass,JPA,Hibernate,13,0.0,0.0
kimchy_compass,JPA,Hibernate,14,0.0,0.0
kimchy_compass,JPA,Hibernate,15,0.0,0.0
joedayz_java-samples,JPA,Hibernate,0,0.0,0.0
joedayz_java-samples,JPA,Hibernate,1,0.0,0.0
joedayz_java-samples,JPA,Hibernate,2,0.0,0.0
joedayz_java-samples,JPA,Hibernate,3,0.0,0.0
joedayz_java-samples,JPA,Hibernate,4,0.0,0.0
joedayz_java-samples,JPA,Hibernate,5,0.0,0.0
joedayz_java-samples,JPA,Hibernate,6,0.0,0.0
joedayz_java-samples,JPA,Hibernate,7,0.0,0.0
joedayz_java-samples,JPA,Hibernate,8,0.0,0.0
joedayz_java-samples,JPA,Hibernate,9,0.0,0.0
joedayz_java-samples,JPA,Hibernate,10,0.0,0.0
joedayz_java-samples,JPA,Hibernate,11,0.0,0.0
joedayz_java-samples,JPA,Hibernate,12,0.0,0.0
joedayz_java-samples,JPA,Hibernate,13,0.0,0.0
joedayz_java-samples,JPA,Hibernate,14,0.0,0.0
joedayz_java-samples,JPA,Hibernate,15,0.0,0.0
conder_assignment,JPA,Hibernate,0,0.0,0.0
conder_assignment,JPA,Hibernate,1,0.0,0.0
conder_assignment,JPA,Hibernate,2,0.0,0.0
conder_assignment,JPA,Hibernate,3,0.0,0.0
conder_assignment,JPA,Hibernate,4,0.0,0.0
conder_assignment,JPA,Hibernate,5,0.0,0.0
conder_assignment,JPA,Hibernate,6,0.0,0.0
conder_assignment,JPA,Hibernate,7,0.0,0.0
conder_assignment,JPA,Hibernate,8,0.0,0.0
conder_assignment,JPA,Hibernate,9,0.0,0.0
conder_assignment,JPA,Hibernate,10,0.0,0.0
conder_assignment,JPA,Hibernate,11,0.0,0.0
conder_assignment,JPA,Hibernate,12,0.0,0.0
conder_assignment,JPA,Hibernate,13,0.0,0.0
conder_assignment,JPA,Hibernate,14,0.0,0.0
conder_assignment,JPA,Hibernate,15,0.0,0.0
cmoulliard_devoxx-2011-hands-on-lab,JPA,Hibernate,0,1.0,1.0
cmoulliard_devoxx-2011-hands-on-lab,JPA,Hibernate,1,0.0,1.0
cmoulliard_devoxx-2011-hands-on-lab,JPA,Hibernate,2,0.0,1.0
cmoulliard_devoxx-2011-hands-on-lab,JPA,Hibernate,3,0.0,1.0
cmoulliard_devoxx-2011-hands-on-lab,JPA,Hibernate,4,0.0,1.0
cmoulliard_devoxx-2011-hands-on-lab,JPA,Hibernate,5,0.0,1.0
cmoulliard_devoxx-2011-hands-on-lab,JPA,Hibernate,6,0.0,1.0
cmoulliard_devoxx-2011-hands-on-lab,JPA,Hibernate,7,0.0,1.0
cmoulliard_devoxx-2011-hands-on-lab,JPA,Hibernate,8,0.0,1.0
cmoulliard_devoxx-2011-hands-on-lab,JPA,Hibernate,9,0.0,1.0
cmoulliard_devoxx-2011-hands-on-lab,JPA,Hibernate,10,0.0,1.0
cmoulliard_devoxx-2011-hands-on-lab,JPA,Hibernate,11,0.0,1.0
cmoulliard_devoxx-2011-hands-on-lab,JPA,Hibernate,12,0.0,1.0
cmoulliard_devoxx-2011-hands-on-lab,JPA,Hibernate,13,0.0,1.0
cmoulliard_devoxx-2011-hands-on-lab,JPA,Hibernate,14,0.0,1.0
cmoulliard_devoxx-2011-hands-on-lab,JPA,Hibernate,15,0.0,1.0
fbihack_portlets,JPA,Hibernate,0,1.0,1.0
fbihack_portlets,JPA,Hibernate,1,0.0,1.0
fbihack_portlets,JPA,Hibernate,2,0.0,1.0
fbihack_portlets,JPA,Hibernate,3,0.0,1.0
fbihack_portlets,JPA,Hibernate,4,0.0,1.0
fbihack_portlets,JPA,Hibernate,5,0.0,1.0
fbihack_portlets,JPA,Hibernate,6,0.0,1.0
fbihack_portlets,JPA,Hibernate,7,0.0,1.0
fbihack_portlets,JPA,Hibernate,8,0.0,1.0
fbihack_portlets,JPA,Hibernate,9,0.0,1.0
fbihack_portlets,JPA,Hibernate,10,0.0,1.0
fbihack_portlets,JPA,Hibernate,11,0.0,1.0
fbihack_portlets,JPA,Hibernate,12,0.0,1.0
fbihack_portlets,JPA,Hibernate,13,0.0,1.0
fbihack_portlets,JPA,Hibernate,14,0.0,1.0
fbihack_portlets,JPA,Hibernate,15,0.0,1.0
picocontainer_picocontainer,JPA,Hibernate,0,0.0,0.0
picocontainer_picocontainer,JPA,Hibernate,1,0.0,0.0
picocontainer_picocontainer,JPA,Hibernate,2,0.0,0.0
picocontainer_picocontainer,JPA,Hibernate,3,0.0,0.0
picocontainer_picocontainer,JPA,Hibernate,4,0.0,0.0
picocontainer_picocontainer,JPA,Hibernate,5,0.0,0.0
picocontainer_picocontainer,JPA,Hibernate,6,0.0,0.0
picocontainer_picocontainer,JPA,Hibernate,7,0.0,0.0
picocontainer_picocontainer,JPA,Hibernate,8,0.0,0.0
picocontainer_picocontainer,JPA,Hibernate,9,0.0,0.0
picocontainer_picocontainer,JPA,Hibernate,10,0.0,0.0
picocontainer_picocontainer,JPA,Hibernate,11,0.0,0.0
picocontainer_picocontainer,JPA,Hibernate,12,0.0,0.0
picocontainer_picocontainer,JPA,Hibernate,13,0.0,0.0
picocontainer_picocontainer,JPA,Hibernate,14,0.0,0.0
picocontainer_picocontainer,JPA,Hibernate,15,0.0,0.0
metawidget_metawidget,JPA,Hibernate,0,0.0,0.0
metawidget_metawidget,JPA,Hibernate,1,0.0,0.0
metawidget_metawidget,JPA,Hibernate,2,0.0,0.0
metawidget_metawidget,JPA,Hibernate,3,0.0,0.0
metawidget_metawidget,JPA,Hibernate,4,0.0,0.0
metawidget_metawidget,JPA,Hibernate,5,0.0,0.0
metawidget_metawidget,JPA,Hibernate,6,0.0,0.0
metawidget_metawidget,JPA,Hibernate,7,0.0,0.0
metawidget_metawidget,JPA,Hibernate,8,0.0,0.0
metawidget_metawidget,JPA,Hibernate,9,0.0,0.0
metawidget_metawidget,JPA,Hibernate,10,0.0,0.0
metawidget_metawidget,JPA,Hibernate,11,0.0,0.0
metawidget_metawidget,JPA,Hibernate,12,0.0,0.0
metawidget_metawidget,JPA,Hibernate,13,0.0,0.0
metawidget_metawidget,JPA,Hibernate,14,0.0,0.0
metawidget_metawidget,JPA,Hibernate,15,0.0,0.0
Jasig_uPortal,JPA,Hibernate,0,0.0,0.0
Jasig_uPortal,JPA,Hibernate,1,0.0,0.0
Jasig_uPortal,JPA,Hibernate,2,0.0,0.0
Jasig_uPortal,JPA,Hibernate,3,0.0,0.0
Jasig_uPortal,JPA,Hibernate,4,0.0,0.0
Jasig_uPortal,JPA,Hibernate,5,0.0,0.0
Jasig_uPortal,JPA,Hibernate,6,0.0,0.0
Jasig_uPortal,JPA,Hibernate,7,0.0,0.0
Jasig_uPortal,JPA,Hibernate,8,0.0,0.0
Jasig_uPortal,JPA,Hibernate,9,0.0,0.0
Jasig_uPortal,JPA,Hibernate,10,0.0,0.0
Jasig_uPortal,JPA,Hibernate,11,0.0,0.0
Jasig_uPortal,JPA,Hibernate,12,0.0,0.0
Jasig_uPortal,JPA,Hibernate,13,0.0,0.0
Jasig_uPortal,JPA,Hibernate,14,0.0,0.0
Jasig_uPortal,JPA,Hibernate,15,0.0,0.0
droolsjbpm_jbpm,JPA,Hibernate,0,0.0625,0.0625
droolsjbpm_jbpm,JPA,Hibernate,1,0.0,0.0625
droolsjbpm_jbpm,JPA,Hibernate,2,0.0,0.0625
droolsjbpm_jbpm,JPA,Hibernate,3,0.0,0.0625
droolsjbpm_jbpm,JPA,Hibernate,4,0.0,0.0625
droolsjbpm_jbpm,JPA,Hibernate,5,0.0,0.0625
droolsjbpm_jbpm,JPA,Hibernate,6,0.0,0.0625
droolsjbpm_jbpm,JPA,Hibernate,7,0.0,0.0625
droolsjbpm_jbpm,JPA,Hibernate,8,0.0,0.0625
droolsjbpm_jbpm,JPA,Hibernate,9,0.0,0.0625
droolsjbpm_jbpm,JPA,Hibernate,10,0.0,0.0625
droolsjbpm_jbpm,JPA,Hibernate,11,0.0,0.0625
droolsjbpm_jbpm,JPA,Hibernate,12,0.0,0.0625
droolsjbpm_jbpm,JPA,Hibernate,13,0.0,0.0625
droolsjbpm_jbpm,JPA,Hibernate,14,0.0,0.0625
droolsjbpm_jbpm,JPA,Hibernate,15,0.0,0.0625
jboss-sso_processFlowProvision,JPA,Hibernate,0,0.0,0.0
jboss-sso_processFlowProvision,JPA,Hibernate,1,0.0,0.0
jboss-sso_processFlowProvision,JPA,Hibernate,2,0.0,0.0
jboss-sso_processFlowProvision,JPA,Hibernate,3,0.0,0.0
jboss-sso_processFlowProvision,JPA,Hibernate,4,0.0,0.0
jboss-sso_processFlowProvision,JPA,Hibernate,5,0.0,0.0
jboss-sso_processFlowProvision,JPA,Hibernate,6,0.0,0.0
jboss-sso_processFlowProvision,JPA,Hibernate,7,0.0,0.0
jboss-sso_processFlowProvision,JPA,Hibernate,8,0.0,0.0
jboss-sso_processFlowProvision,JPA,Hibernate,9,0.0,0.0
jboss-sso_processFlowProvision,JPA,Hibernate,10,0.0,0.0
jboss-sso_processFlowProvision,JPA,Hibernate,11,0.0,0.0
jboss-sso_processFlowProvision,JPA,Hibernate,12,0.0,0.0
jboss-sso_processFlowProvision,JPA,Hibernate,13,0.0,0.0
jboss-sso_processFlowProvision,JPA,Hibernate,14,0.0,0.0
jboss-sso_processFlowProvision,JPA,Hibernate,15,0.0,0.0
